{"epoch": 1, "train_loss": 0.3042468902392265, "val_loss": 0.2963407300412655, "_timestamp": 1718638632.8315065, "_runtime": 10.468612432479858, "_step": 1}