{"epoch": 38, "train_loss": 0.1834321610438518, "val_loss": 0.17986200377345085, "_timestamp": 1718638502.1251857, "_runtime": 140.16750574111938, "_step": 38, "_wandb": {"runtime": 144}}