{"epoch": 2, "train_loss": 0.25961147057704437, "val_loss": 0.25070237554609776, "_timestamp": 1718638542.0545452, "_runtime": 13.80341124534607, "_step": 2, "_wandb": {"runtime": 55}}