{"epoch": 0, "train_loss": 0.31404689794931656, "val_loss": 0.30320877209305763, "_timestamp": 1718638596.810419, "_runtime": 6.925184011459351, "_step": 0, "_wandb": {"runtime": 7}}